Win/Lose,Time,Score,Rounded Score,Hit Count
0,59.32858,900.0,972.97723,1
0,61.75625,1000.0,1008.02344,2
0,64.18392,1000.0,1043.0697,3
0,66.61159,1000.0,1078.1158,4
0,69.03926,1100.0,1113.1621,5
0,71.466934,1100.0,1148.2083,6
0,73.89461,1100.0,1183.2545,7
1,76.32227,1200.0,1218.3008,8
1,78.74994,1200.0,1253.3469,9
1,81.17761,1200.0,1288.3931,10
